Index,file,sample,charge,peptide_range,start_seq,end_seq,peptide,polymodal,dataset_run,comment
2,0001-0009-MDIAIHHPW,WT,2,0001-0009,1,9,MDIAIHHPW,0.1 0.8 4.0 60.0 1000000.0,Yes,Warning: UN/TD polymodal
5,0001-0011-MDIAIHHPWIR,WT,2,0001-0011,1,11,MDIAIHHPWIR,0.1 0.8 4.0 60.0 1800.0 72000.0,Yes,
8,0001-0013-MDIAIHHPWIRRP,WT,3,0001-0013,1,13,MDIAIHHPWIRRP,0.1 0.8 4.0 60.0 1000000.0,Yes,Warning: UN/TD polymodal
15,0001-0023-MDIAIHHPWIRRPFFPFHSPSRL,WT,3,0001-0023,1,23,MDIAIHHPWIRRPFFPFHSPSRL,0.1 0.8 4.0 60.0 1800.0 72000.0 1000000.0,Yes,Warning: UN/TD polymodal
16,0001-0023-MDIAIHHPWIRRPFFPFHSPSRL,WT,4,0001-0023,1,23,MDIAIHHPWIRRPFFPFHSPSRL,0.0 0.1 0.8 4.0 60.0 1800.0 72000.0 1000000.0,Yes,Warning: UN/TD polymodal
17,0001-0023-MDIAIHHPWIRRPFFPFHSPSRL,WT,5,0001-0023,1,23,MDIAIHHPWIRRPFFPFHSPSRL,0.1 0.8 4.0 60.0 1800.0 72000.0,Yes,
20,0002-0023-DIAIHHPWIRRPFFPFHSPSRL,WT,4,0002-0023,2,23,DIAIHHPWIRRPFFPFHSPSRL,0.1 0.8 4.0 60.0 1800.0 72000.0,Yes,
23,0003-0023-IAIHHPWIRRPFFPFHSPSRL,WT,4,0003-0023,3,23,IAIHHPWIRRPFFPFHSPSRL,0.1 0.8 4.0 60.0 1800.0 72000.0,Yes,
26,0004-0023-AIHHPWIRRPFFPFHSPSRL,WT,3,0004-0023,4,23,AIHHPWIRRPFFPFHSPSRL,0.1 0.8 4.0 60.0 1800.0,Yes,
29,0008-0023-PWIRRPFFPFHSPSRL,WT,2,0008-0023,8,23,PWIRRPFFPFHSPSRL,0.0 0.1 0.8 4.0 60.0 1800.0 1000000.0,Yes,Warning: UN/TD polymodal
32,0013-0024-PFFPFHSPSRLF,WT,2,0013-0024,13,24,PFFPFHSPSRLF,0.1 0.8 4.0 60.0 1800.0 72000.0 1000000.0,Yes,Warning: UN/TD polymodal
35,0014-0023-FFPFHSPSRL,WT,2,0014-0023,14,23,FFPFHSPSRL,0.1 0.8 4.0 60.0 1800.0 72000.0 1000000.0,Yes,Warning: UN/TD polymodal
38,0024-0034-FDQFFGEHLLE,WT,2,0024-0034,24,34,FDQFFGEHLLE,0.1 0.8 4.0 60.0 1800.0 72000.0 1000000.0,Yes,Warning: UN/TD polymodal
41,0024-0037-FDQFFGEHLLESDL,WT,2,0024-0037,24,37,FDQFFGEHLLESDL,0.1 4.0 60.0 1800.0 72000.0,Yes,
44,0028-0034-FGEHLLE,WT,2,0028-0034,28,34,FGEHLLE,0.0 0.1 0.8 4.0 60.0 1800.0 72000.0 1000000.0,Yes,Warning: UN/TD polymodal
47,0029-0038-GEHLLESDLF,WT,2,0029-0038,29,38,GEHLLESDLF,0.0 0.1 0.8 4.0 60.0 1800.0 72000.0 1000000.0,Yes,Warning: UN/TD polymodal
50,0038-0053-FPTSTSLSPFYLRPPS,WT,2,0038-0053,38,53,FPTSTSLSPFYLRPPS,0.1 0.8 4.0 60.0 1800.0 72000.0 1000000.0,Yes,Warning: UN/TD polymodal
53,0038-0054-FPTSTSLSPFYLRPPSF,WT,2,0038-0054,38,54,FPTSTSLSPFYLRPPSF,0.1 0.8 4.0 60.0 1800.0 72000.0,Yes,
56,0042-0054-TSLSPFYLRPPSF,WT,2,0042-0054,42,54,TSLSPFYLRPPSF,0.1 0.8 4.0 60.0 1800.0 72000.0,Yes,
59,0043-0054-SLSPFYLRPPSF,WT,2,0043-0054,43,54,SLSPFYLRPPSF,0.1 0.8 4.0 60.0 1800.0 72000.0 1000000.0,Yes,Warning: UN/TD polymodal
62,0045-0054-SPFYLRPPSF,WT,2,0045-0054,45,54,SPFYLRPPSF,0.1 0.8 4.0 60.0 1800.0 72000.0 1000000.0,Yes,Warning: UN/TD polymodal
65,0046-0054-PFYLRPPSF,WT,2,0046-0054,46,54,PFYLRPPSF,0.1 0.8 4.0 60.0 72000.0 1000000.0,Yes,Warning: UN/TD polymodal
68,0048-0054-YLRPPSF,WT,2,0048-0054,48,54,YLRPPSF,0.1 0.8 4.0 60.0 1800.0 72000.0 1000000.0,Yes,Warning: UN/TD polymodal
71,0049-0054-LRPPSF,WT,2,0049-0054,49,54,LRPPSF,0.1 0.8 4.0 60.0 1800.0 72000.0 1000000.0,Yes,Warning: UN/TD polymodal
74,0055-0060-LRAPSW,WT,2,0055-0060,55,60,LRAPSW,0.1 0.8 4.0 60.0 1800.0 72000.0 1000000.0,Yes,Warning: UN/TD polymodal
77,0055-0061-LRAPSWF,WT,2,0055-0061,55,61,LRAPSWF,0.1 0.8 4.0 60.0 1800.0 72000.0 1000000.0,Yes,Warning: UN/TD polymodal
80,0055-0065-LRAPSWFDTGL,WT,2,0055-0065,55,65,LRAPSWFDTGL,0.1 4.0 60.0 1800.0 72000.0 1000000.0,Yes,Warning: UN/TD polymodal
83,0055-0067-LRAPSWFDTGLSE,WT,2,0055-0067,55,67,LRAPSWFDTGLSE,0.1 0.8 4.0 60.0 1800.0 72000.0 1000000.0,Yes,Warning: UN/TD polymodal
86,0061-0067-FDTGLSE,WT,1,0061-0067,61,67,FDTGLSE,0.1 0.8 4.0 60.0 1800.0 72000.0 1000000.0,Yes,Warning: UN/TD polymodal
89,0061-0075-FDTGLSEMRLEKDRF,WT,3,0061-0075,61,75,FDTGLSEMRLEKDRF,0.1 0.8 4.0 60.0 1800.0 72000.0,Yes,
92,0066-0075-SEMRLEKDRF,WT,2,0066-0075,66,75,SEMRLEKDRF,0.1 0.8 4.0 60.0 1800.0 72000.0 1000000.0,Yes,Warning: UN/TD polymodal
95,0066-0079-SEMRLEKDRFSVNL,WT,3,0066-0079,66,79,SEMRLEKDRFSVNL,0.1 0.8 4.0 60.0 1800.0 72000.0,Yes,
98,0067-0075-EMRLEKDRF,WT,2,0067-0075,67,75,EMRLEKDRF,0.1 0.8 4.0 60.0 1800.0 72000.0 1000000.0,Yes,Warning: UN/TD polymodal
101,0067-0076-EMRLEKDRFS,WT,2,0067-0076,67,76,EMRLEKDRFS,0.1 0.8 4.0 60.0 1800.0 72000.0 1000000.0,Yes,Warning: UN/TD polymodal
104,0068-0074-MRLEKDR,WT,2,0068-0074,68,74,MRLEKDR,0.1 0.8 4.0 60.0 1800.0 72000.0 1000000.0,Yes,Warning: UN/TD polymodal
107,0068-0075-MRLEKDRF,WT,2,0068-0075,68,75,MRLEKDRF,0.0 0.1 0.8 4.0 60.0 1800.0 72000.0 1000000.0,Yes,Warning: UN/TD polymodal
110,0068-0079-MRLEKDRFSVNL,WT,2,0068-0079,68,79,MRLEKDRFSVNL,0.1 0.8 4.0 60.0 1800.0 72000.0 1000000.0,Yes,Warning: UN/TD polymodal
113,0069-0075-RLEKDRF,WT,2,0069-0075,69,75,RLEKDRF,0.0 0.1 0.8 4.0 60.0 1800.0 72000.0 1000000.0,Yes,Warning: UN/TD polymodal
116,0069-0079-RLEKDRFSVNL,WT,2,0069-0079,69,79,RLEKDRFSVNL,0.1 4.0 60.0 1800.0 72000.0 1000000.0,Yes,Warning: UN/TD polymodal
119,0071-0079-EKDRFSVNL,WT,2,0071-0079,71,79,EKDRFSVNL,0.0 0.1 0.8 4.0 60.0 1800.0 72000.0 1000000.0,Yes,Warning: UN/TD polymodal
122,0079-0088-LDVKHFSPEE,WT,2,0079-0088,79,88,LDVKHFSPEE,0.1 0.8 4.0 60.0 1800.0 72000.0 1000000.0,Yes,Warning: UN/TD polymodal
125,0079-0089-LDVKHFSPEEL,WT,2,0079-0089,79,89,LDVKHFSPEEL,0.1 0.8 4.0 60.0 1800.0 72000.0 1000000.0,Yes,Warning: UN/TD polymodal
128,0080-0086-DVKHFSP,WT,2,0080-0086,80,86,DVKHFSP,0.1 0.8 4.0 60.0 1800.0 72000.0 1000000.0,Yes,Warning: UN/TD polymodal
131,0080-0088-DVKHFSPEE,WT,2,0080-0088,80,88,DVKHFSPEE,0.0 0.1 0.8 4.0 60.0 1800.0 72000.0 1000000.0,Yes,Warning: UN/TD polymodal
134,0080-0089-DVKHFSPEEL,WT,2,0080-0089,80,89,DVKHFSPEEL,0.0 0.1 0.8 4.0 60.0 1800.0 72000.0 1000000.0,Yes,Warning: UN/TD polymodal
137,0080-0096-DVKHFSPEELKVKVLGD,WT,3,0080-0096,80,96,DVKHFSPEELKVKVLGD,0.1 0.8 4.0 60.0 1800.0 72000.0 1000000.0,Yes,Warning: UN/TD polymodal
140,0087-0096-EELKVKVLGD,WT,2,0087-0096,87,96,EELKVKVLGD,0.1 0.8 4.0 60.0 1800.0 72000.0 1000000.0,Yes,Warning: UN/TD polymodal
143,0089-0096-LKVKVLGD,WT,2,0089-0096,89,96,LKVKVLGD,0.1 0.8 4.0 60.0 1800.0 72000.0 1000000.0,Yes,Warning: UN/TD polymodal
146,0090-0112-KVKVLGDVIEVHGKHEERQDEHG,WT,3,0090-0112,90,112,KVKVLGDVIEVHGKHEERQDEHG,0.8 4.0 60.0 1800.0 72000.0 1000000.0,Yes,Warning: UN/TD polymodal
149,0090-0134-KVKVLGDVIEVHGKHEERQDEHGFISREFHRKYRIPADVDPLTIT,WT,5,0090-0134,90,134,KVKVLGDVIEVHGKHEERQDEHGFISREFHRKYRIPADVDPLTIT,0.1 0.8,Yes,
152,0097-0112-VIEVHGKHEERQDEHG,WT,3,0097-0112,97,112,VIEVHGKHEERQDEHG,0.0 0.1 0.8 4.0 60.0 1800.0 72000.0 1000000.0,Yes,Warning: UN/TD polymodal
155,0097-0117-VIEVHGKHEERQDEHGFISRE,WT,3,0097-0117,97,117,VIEVHGKHEERQDEHGFISRE,0.1 0.8 4.0 60.0 1800.0 72000.0 1000000.0,Yes,Warning: UN/TD polymodal
158,0097-0134-VIEVHGKHEERQDEHGFISREFHRKYRIPADVDPLTIT,WT,4,0097-0134,97,134,VIEVHGKHEERQDEHGFISREFHRKYRIPADVDPLTIT,0.1 0.8 4.0 72000.0,Yes,
161,0113-0134-FISREFHRKYRIPADVDPLTIT,WT,3,0113-0134,113,134,FISREFHRKYRIPADVDPLTIT,0.1 0.8 4.0 60.0 1800.0 72000.0,Yes,
164,0114-0134-ISREFHRKYRIPADVDPLTIT,WT,3,0114-0134,114,134,ISREFHRKYRIPADVDPLTIT,0.1 0.8 4.0 60.0 1800.0 72000.0,Yes,
167,0114-0137-ISREFHRKYRIPADVDPLTITSSL,WT,3,0114-0137,114,137,ISREFHRKYRIPADVDPLTITSSL,0.1 0.8 60.0 1800.0 72000.0,Yes,
170,0117-0123-EFHRKYR,WT,2,0117-0123,117,123,EFHRKYR,0.8 4.0 60.0 72000.0,Yes,
173,0118-0134-FHRKYRIPADVDPLTIT,WT,3,0118-0134,118,134,FHRKYRIPADVDPLTIT,0.1 0.8 4.0 60.0 1800.0 72000.0,Yes,
176,0118-0137-FHRKYRIPADVDPLTITSSL,WT,3,0118-0137,118,137,FHRKYRIPADVDPLTITSSL,0.1 0.8 4.0 60.0 1800.0 72000.0 1000000.0,Yes,Warning: UN/TD polymodal
179,0135-0143-SSLSSDGVL,WT,1,0135-0143,135,143,SSLSSDGVL,0.1 0.8 4.0 60.0 1800.0 72000.0 1000000.0,Yes,Warning: UN/TD polymodal
182,0138-0175-SSDGVLTVNGPRKQVSGPERTIPITREEKPAVTAAPKK,WT,4,0138-0175,138,175,SSDGVLTVNGPRKQVSGPERTIPITREEKPAVTAAPKK,0.1 0.8 60.0 1800.0 72000.0,Yes,
185,0144-0160-TVNGPRKQVSGPERTIP,WT,3,0144-0160,144,160,TVNGPRKQVSGPERTIP,0.1 0.8 4.0 60.0 1800.0,Yes,
188,0144-0175-TVNGPRKQVSGPERTIPITREEKPAVTAAPKK,WT,5,0144-0175,144,175,TVNGPRKQVSGPERTIPITREEKPAVTAAPKK,0.0 0.1 0.8 4.0,Yes,Warning: UN/TD polymodal
191,0146-0175-NGPRKQVSGPERTIPITREEKPAVTAAPKK,WT,6,0146-0175,146,175,NGPRKQVSGPERTIPITREEKPAVTAAPKK,0.1 0.8 60.0,Yes,
194,0161-0175-ITREEKPAVTAAPKK,WT,2,0161-0175,161,175,ITREEKPAVTAAPKK,0.1 60.0 1800.0 1000000.0,Yes,Warning: UN/TD polymodal
